Nom;Prix;Reference;Etat;Categorie;Description
Ordinateur Portable Gamer;1299.99;LAP-G-001;Active;Informatique;Un ordinateur puissant pour le jeu
Souris Sans Fil Pro;45,00 €;MOU-002;Oui;Informatique;Souris ergonomique haute précision
T-shirt Coton Bio;24.90;TS-BIO-M;Active;Mode;T-shirt confortable en coton biologique
Robe d'été Fleurie;39.99;ROB-2024;Active;Mode;Robe légère pour la saison estivale
Canapé 3 Places Scandinave;599,00;CAN-SCAN;Oui;Maison;Canapé moderne et confortable
Lampe de Bureau LED;34.50;LAMP-LED;Active;Maison;Éclairage ajustable pour le travail
Crème Visage Hydratante;18.90;BEA-CRM-01;Oui;Beaute;Soin quotidien pour tout type de peau
Parfum Floral Deluxe;75,00;PARF-FL;Active;Beaute;Fragrance élégante et durable
Ballon de Foot Pro;29.99;SPO-BAL-01;Oui;Sport;Ballon homologué pour la compétition
Tapis de Yoga Antidérapant;22.50;SPO-TAP-Y;Active;Sport;Idéal pour vos séances quotidiennes
